{
  "best_run": {
    "run": 6,
    "seed": 106,
    "final_train_error": 44,
    "train_accuracy": 0.8945054945054945,
    "test_accuracy": 0.9210526315789473
  },
  "metrics": {
    "accuracy": 0.9210526315789473,
    "precision": 0.9315068493150684,
    "recall": 0.9444444444444444,
    "f1": 0.9379310344827586
  },
  "confusion_matrix": [
    [
      37,
      5
    ],
    [
      4,
      68
    ]
  ],
  "classification_report": {
    "malignant": {
      "precision": 0.9024390243902439,
      "recall": 0.8809523809523809,
      "f1-score": 0.891566265060241,
      "support": 42.0
    },
    "benign": {
      "precision": 0.9315068493150684,
      "recall": 0.9444444444444444,
      "f1-score": 0.9379310344827586,
      "support": 72.0
    },
    "accuracy": 0.9210526315789473,
    "macro avg": {
      "precision": 0.9169729368526562,
      "recall": 0.9126984126984127,
      "f1-score": 0.9147486497714998,
      "support": 114.0
    },
    "weighted avg": {
      "precision": 0.9207976506585542,
      "recall": 0.9210526315789473,
      "f1-score": 0.9208492773270941,
      "support": 114.0
    }
  }
}